,question,answer,context
0,ما هي العوامل التي تشكل بيئة مصر؟,تتشكل بيئة مصر من خلال التفاعل المعقد بين العوامل الحية (الحيوية) والعوامل غير الحية (اللاأحيائية).,"مصرء أرض الأهرامات الشاهقة والعجائب القديمة» تتمتع ببيئة فريدة تشكلت من خلال التفاعل المعقد بين العوامل الحية
(الحيوية) والعوامل غير الحية (اللاأحيائية). فهم هذه العوامل ضروري لتقدير التوازن البيئي الدقيق لمصر والتحديات التي
.تواجهها"
1,ما هي التحديات التي تواجه مصر بيئيًا؟,تواجه مصر تحديات بيئية كبيرة، بما في ذلك تغير المناخ والنشاط البشري.,تحديات كبيرة: تغير المناخ والنشاط البشري
2,ما الذي يميز نهر النيل عن غيره من الأنهار؟,يعد نهر النيل شريان الحياة لمصر، حيث حافظ على السكان والزراعة لآلاف السنين بفضل فيضاناته السنوية التي تودع الطمي الخصيب.,"نهر النيل: شريان الحياة لمصر

نهر النيل هو قلب النظام البيئي لمصرء شريان حيوي حافظ على السكان والزراعة لآلاف السنين. كانت فيضاناته السنوية تودع
الطمي الخصيب. مما يخلق دلتا النيل» وهي منطقة زراعية حيوية. هذه الشريط الخصيب من الأرض وسط الصحراء الشاسعة
يبرز أهمية النيل للحياة في مصر. ومع ذلك. فإن بناء السدود غيّر الدورة الفيضانية الطبيعية» مما أثر على تجديد التربة
.الخصبة وتقليل تدفق المغذيات إلى البحر الأبيض المتوسطهء مما يؤثر بدوره على الحياة البحرية"
3,كيف تتكيف أشجار الأكاسيا مع البيئة الصحراوية؟,تتكيف أشجار الأكاسيا مع البيئة الصحراوية من خلال قدرتها على حفظ المياه مع الرمال الصحراوية.,"أرض التناقضات: وفرة حيوية وجفاف

على الرغم من المناخ الصحراوي القاسيء تدعم مصر مجموعة متنوعة من الحياة النباتية والحيوانية. تتكيف أشجار الأكاسيا
بقدرتها على حفظ المياه مع الرمال الصحراويةء بينما تنمو نباتات البردي ونخيل التمر على طول نهر النيل الذي يمنح الحياة»
Mما يوفر الغذاء والمأوى لمجموعة متنوعة من الحيوانات. هذه النظم البيئية النابضة بالحياة تظهر مرونة الحياة الرائعة في
.مصر"
4,ما هي أهمية الشعاب المرجانية في مصر؟,تعد الشعاب المرجانية في مصر نظمًا بيئية حيوية توفر الغذاء والمأوى للعديد من الأنواع البحرية وتحمي السواحل من التآكل.,"نسيج متنوع من التنوع البيولوجي وجهود الحفظ

على الرغم من المناخ الجافء تعد مصر موطنئًا لتنوع مفاجئ في الحياة النباتية والحيوانية. البحر الأحمرء الذي يحد شرق
Mصرء يتميز بالشعاب المرجانية النابضة بالحياة التي تعج بالحياة البحرية. هذه الشعاب هي نظم بيئية حيوية؛ توفر الغذاء
والمأوى للعديد من الأنواع البحرية وتحمي السواحل من التآكل. فقدانها سيكون له تأثير مدمر على التنوع البيولوجي البحري
.والاقتصادات المحلية التي تعتمد على السياحة والصيد"
5,ما هي الآثار السلبية لبناء السدود على نهر النيل؟,أثر بناء السدود على نهر النيل سلبًا على تجديد التربة الخصبة وتقليل تدفق المغذيات إلى البحر الأبيض المتوسط، مما أثر على الحياة البحرية.,"نهر النيل: شريان الحياة لمصر

نهر النيل هو قلب النظام البيئي لمصرء شريان حيوي حافظ على السكان والزراعة لآلاف السنين. كانت فيضاناته السنوية تودع
الطمي الخصيب. مما يخلق دلتا النيل» وهي منطقة زراعية حيوية. هذه الشريط الخصيب من الأرض وسط الصحراء الشاسعة
يبرز أهمية النيل للحياة في مصر. ومع ذلك. فإن بناء السدود غيّر الدورة الفيضانية الطبيعية» مما أثر على تجديد التربة
.الخصبة وتقليل تدفق المغذيات إلى البحر الأبيض المتوسطهء مما يؤثر بدوره على الحياة البحرية"
6,كيف تحافظ مصر على بيئتها الفريدة؟,قامت مصر بمبادرات متنوعة للحفظ، بما في ذلك إنشاء مناطق محمية لحماية الحياة البرية والموائل الحيوية، وتعزيز الممارسات الزراعية المستدامة، ورفع الوعي العام بالقضايا البيئية.,"حماية كنوز الطبيعة: مبادرات الحفظ

بالاعتراف بأهمية بيئتها الفريدة» قامت مصر بمبادرات متنوعة للحفظ. تم إنشاء مناطق محمية لحماية الحياة البرية والموائل
الحيوية. بالإضافة إلى ذلك؛ تُبذل جهود لتعزيز الممارسات الزراعية المستدامة التي تحافظ على المياه وتقلل من التصحر. إن
.رفع الوعي العام حول القضايا البيئية أمر بالغ الأهمية لتشجيع السلوك المسؤول وتعزيز استراتيجيات التنمية المستدامة"
7,ما هو التأثير المدمر لفقدان الشعاب المرجانية؟,سيؤدي فقدان الشعاب المرجانية إلى تأثير مدمر على التنوع البيولوجي البحري والاقتصادات المحلية التي تعتمد على السياحة والصيد.,"نسيج متنوع من التنوع البيولوجي وجهود الحفظ

على الرغم من المناخ الجافء تعد مصر موطنئًا لتنوع مفاجئ في الحياة النباتية والحيوانية. البحر الأحمرء الذي يحد شرق
Mصرء يتميز بالشعاب المرجانية النابضة بالحياة التي تعج بالحياة البحرية. هذه الشعاب هي نظم بيئية حيوية؛ توفر الغذاء
والمأوى للعديد من الأنواع البحرية وتحمي السواحل من التآكل. فقدانها سيكون له تأثير مدمر على التنوع البيولوجي البحري
.والاقتصادات المحلية التي تعتمد على السياحة والصيد"
8,كيف يتكيف نهر النيل مع المناخ الصحراوي؟,يتكيف نهر النيل مع المناخ الصحراوي من خلال فيضاناته السنوية التي تودع الطمي الخصيب، مما يخلق دلتا النيل، وهي منطقة زراعية حيوية.,"نهر النيل: شريان الحياة لمصر

نهر النيل هو قلب النظام البيئي لمصرء شريان حيوي حافظ على السكان والزراعة لآلاف السنين. كانت فيضاناته السنوية تودع
الطمي الخصيب. مما يخلق دلتا النيل» وهي منطقة زراعية حيوية. هذه الشريط الخصيب من الأرض وسط الصحراء الشاسعة
يبرز أهمية النيل للحياة في مصر. ومع ذلك. فإن بناء السدود غيّر الدورة الفيضانية الطبيعية» مما أثر على تجديد التربة
.الخصبة وتقليل تدفق المغذيات إلى البحر الأبيض المتوسطهء مما يؤثر بدوره على الحياة البحرية"
9,ما هي أهمية الغطاء النباتي في مصر؟,يوفر الغطاء النباتي في مصر الغذاء والمأوى لمجموعة متنوعة من الحيوانات، ويساعد في الحفاظ على التوازن البيئي الدقيق للبلاد.,"أرض التناقضات: وفرة حيوية وجفاف

على الرغم من المناخ الصحراوي القاسيء تدعم مصر مجموعة متنوعة من الحياة النباتية والحيوانية. تتكيف أشجار الأكاسيا
بقدرتها على حفظ المياه مع الرمال الصحراويةء بينما تنمو نباتات البردي ونخيل التمر على طول نهر النيل الذي يمنح الحياة»
Mما يوفر الغذاء والمأوى لمجموعة متنوعة من الحيوانات. هذه النظم البيئية النابضة بالحياة تظهر مرونة الحياة الرائعة في
.مصر"
10,ما هو تأثير تغير المناخ على أنظمة مصر البيئية؟,يؤدي تغير المناخ إلى اضطراب الأنماط الجوية، مما يؤثر على التوازن الدقيق لأنظمة مصر البيئية. يمكن أن تؤدي الزيادة في درجات الحرارة العالمية إلى تفاقم التصحر، مما يقلل من إنتاجية الزراعة. بالإضافة إلى ذلك، يمكن أن تؤدي التغيرات في أنماط هطول الأمطار إلى اضطراب الموارد المائية المحدودة بالفعل في البلاد.,يؤدي تغير المناخ إلى اضطراب الأنماط الجوية» مما يؤثر على التوازن الدقيق لأنظمة مصر البيئية. يمكن أن تؤدي الزيادة في درجات الحرارة العالمية إلى تفاقم التصحرء مما يقلل من إنتاجية الزراعة. بالإضافة إلى ذلكء» يمكن أن تؤدي التغيرات في أنماط هطول الأمطار إلى اضطراب الموارد المائية المحدودة بالفعل في البلاد. يمكن أيضًا للأنشطة البشرية مثل الرعي الجائر والممارسات الزراعية غير المستدامة أن تهدد التوازن الدقيق لأنظمة الصحراء البيئية وتقلل من الأراضي الصالحة للزراعة.
11,ما أطول نهر في إفريقيا؟,"نهر النيل هو أطول نهر في إفريقيا، حيث يمتد على طول 6,650 كيلومترًا (4,132 ميلاً).","يمتد نهر النيل على طول 6,650 كيلومترًا (4,132 ميلا)» وهو أطول نهر في إفريقيا. بمتوسط تدفق يبلغ 2,830 متر مكعب في الثانية (99,500 قدم مكعب في الثانية)» يعد مصدرً! رئيسيًا للمياه العذبة لمصر. دلتا النيل» التي تشكلت من ترسبات النهر على مدى آلاف السنين؛ تمتد على حوالي 24,000 كيلومتر مربع (9,300 ميل مربع)؛ وهي منطقة خصبة حيوية للزراعة."
12,ما هي مساحة الصحراء الكبرى؟,تغطي الصحراء الكبرى حوالي 9.4 مليون كيلومتر مربع (3.6 مليون ميل مربع).,تغطي الصحراء الكبرى» التي تشمل جزءًا كبيرًا من مساحة مصرء بيئة قاسية مع ندرة في الأمطار ودرجات حرارة متطرفة. هذه الصحراء الشاسعة» التي تعد أكبر صحراء حارة في العالم» تغطي حوالي 9.4 مليون كيلومتر مربع (3.6 مليون ميل مربع). يبلغ متوسط هطول الأمطار السنوي في الصحراء أقل من 250 مليمترًا (9.8 بوصة).؛ مما يخلق بيئة صعبة لمعظم أشكال الحياة.
13,ما هي العوامل التي تهدد الأراضي الزراعية في مصر؟,يهدد توسع الصحراء، وهي عملية تعرف بالتصحر، الأراضي الزراعية في مصر. بالإضافة إلى ذلك، يمكن أن تقلل العواصف الرملية التي تنشأ في الصحراء من جودة الهواء والرؤية في المناطق المحيطة.,يهدد توسع الصحراءء وهي عملية تعرف بالتصحرء الأراضي الزراعية في مصر. بالإضافة إلى ذلك؛ يمكن أن تقلل العواصف الرملية التي تنشأ في الصحراء من جودة الهواء والرؤية في المناطق المحيطة.
14,ما هي أهمية دلتا النيل؟,"دلتا النيل هي منطقة خصبة حيوية للزراعة، حيث تمتد على مساحة حوالي 24,000 كيلومتر مربع (9,300 ميل مربع).","دلتا النيل» التي تشكلت من ترسبات النهر على مدى آلاف السنين؛ تمتد على حوالي 24,000 كيلومتر مربع (9,300 ميل مربع)؛ وهي منطقة خصبة حيوية للزراعة."
15,ما هي المشكلة التي يسببها بناء السدود على طول نهر النيل؟,غيّر بناء السدود على طول النيل الدورة الفيضانية الطبيعية، مما أثر على تجديد التربة الخصبة وقد يعرقل توافر المياه في المستقبل بسبب التغيرات في أنماط هطول الأمطار.,ومع ذلكء فإن بناء السدود على طول النيل غيّر الدورة الفيضانية الطبيعية» مما أتر على تجديد التربة الخصبة وقد يعرقل توافر المياه في المستقبل بسبب التغيرات في أنماط هطول الأمطار.
16,ما هي الظروف المناخية السائدة في الصحراء الكبرى؟,تتميز الصحراء الكبرى بظروف مناخية قاسية، بما في ذلك ندرة الأمطار ودرجات الحرارة المتطرفة.,تغطي الصحراء الكبرى» التي تشمل جزءًا كبيرًا من مساحة مصرء بيئة قاسية مع ندرة في الأمطار ودرجات حرارة متطرفة.
17,ما هو متوسط تدفق نهر النيل؟,"يبلغ متوسط تدفق نهر النيل 2,830 متر مكعب في الثانية (99,500 قدم مكعب في الثانية).","بمتوسط تدفق يبلغ 2,830 متر مكعب في الثانية (99,500 قدم مكعب في الثانية)» يعد مصدرً! رئيسيًا للمياه العذبة لمصر."
18,ما هو تأثير العواصف الرملية على المناطق المحيطة بالصحراء الكبرى؟,يمكن للعواصف الرملية التي تنشأ في الصحراء الكبرى أن تقلل من جودة الهواء والرؤية في المناطق المحيطة.,بالإضافة إلى ذلك؛ يمكن أن تقلل العواصف الرملية التي تنشأ في الصحراء من جودة الهواء والرؤية في المناطق المحيطة.
19,ما هي التهديدات التي تواجه الأنظمة البيئية في مصر بسبب تغير المناخ؟,يمكن أن يؤدي تغير المناخ إلى تفاقم التصحر، مما يقلل من إنتاجية الزراعة، ويمكن أن يؤدي أيضًا إلى اضطراب الموارد المائية المحدودة بالفعل في البلاد.,يؤدي تغير المناخ إلى اضطراب الأنماط الجوية» مما يؤثر على التوازن الدقيق لأنظمة مصر البيئية. يمكن أن تؤدي الزيادة في درجات الحرارة العالمية إلى تفاقم التصحرء مما يقلل من إنتاجية الزراعة. بالإضافة إلى ذلكء» يمكن أن تؤدي التغيرات في أنماط هطول الأمطار إلى اضطراب الموارد المائية المحدودة بالفعل في البلاد.
20,ما هي إحدى العواقب المقلقة لارتفاع درجات الحرارة في مصر؟,يؤدي ارتفاع درجات الحرارة إلى تفاقم التصحر، مما يؤدي إلى جفاف التربة وبيئة أكثر قسوة، مما قد يؤدي إلى توسع الصحراء الكبرى واقترابها من الأراضي الخصبة وتقليل الإمكانات الزراعية المحدودة بالفعل في المنطقة.,أحد أكثر العواقب المقلقة لارتفاع درجات الحرارة هو تفاقم التصحر. مع ارتفاع درجات الحرارة، تزداد معدلات التبخر، مما يؤدي إلى جفاف التربة وبيئة أكثر قسوة. يمكن أن تؤدي هذه العملية إلى توسع الصحراء الكبرى، مما يقترب من الأراضي الخصبة ويقلل من الإمكانات الزراعية المحدودة بالفعل في المنطقة. إن فقدان هذه الأرض المنتجة يهدد الأمن الغذائي لملايين المصريين.
21,ما هو أحد التهديدات الرئيسية التي يسببها تغير المناخ لمصر؟,يعد ارتفاع مستوى سطح البحر تهديدًا كبيرًا آخر يسببه تغير المناخ، حيث يؤدي ارتفاع درجات الحرارة العالمية إلى ذوبان الأغطية الجليدية القطبية والأنهار الجليدية، مما يضيف المياه إلى المحيطات، ويهدد المناطق الساحلية المنخفضة في مصر، بما في ذلك دلتا النيل الخصبة.,تهديد آخر كبير يسببه تغير المناخ هو ارتفاع مستوى سطح البحر. مع ارتفاع درجات الحرارة العالمية، تنوب الأغطية الجليدية القطبية والأنهار الجليدية، مما يضيف المياه إلى المحيطات. هذا الارتفاع في مستوى سطح البحر يهدد المناطق الساحلية المنخفضة في مصر، بما في ذلك دلتا النيل الخصبة. إن غمر هذه المناطق قد يشرد السكان، ويدمر الأراضي الزراعية، ويضر بالبنية التحتية الحيوية. سوف يؤدي تملح مصادر المياه العذبة بسبب ارتفاع مستوى سطح البحر إلى تفاقم تحديات ندرة المياه.
22,كيف يمكن أن يؤثر تغير المناخ على أنماط هطول الأمطار في مصر؟,يؤدي تغير المناخ إلى اضطراب الأنماط المعروفة لهطول الأمطار في مصر، فتصبح أكثر تذبذبًا، وقد تصبح فترات الجفاف أكثر تواترًا وشدة، مما يؤدي إلى نقص المياه وتأثير على الإنتاجية الزراعية، ومن ناحية أخرى، يمكن أن تحدث فترات من هطول الأمطار الشديدة، مما يسبب فيضانات مفاجئة تدمر البنية التحتية وتشرد المجتمعات.,يؤدي تغير المناخ أيضًا إلى اضطراب الأنماط المعروفة لهطول الأمطار في مصر. على الرغم من أن البلاد بطبيعتها جافة، كانت الأنماط المعروفة لهطول الأمطار تاريخيًا ضرورية لتجديد الموارد المائية ودعم الزراعة. ومع تغير المناخ؛ أصبحت هذه الأنماط أكثر تذبذبًا. قد تصبح فترات الجفاف أكثر تواترًا وشدة، مما يؤدي إلى نقص المياه وتأثير على الإنتاجية الزراعية. من ناحية أخرى، يمكن أن تحدث فترات من هطول الأمطار الشديدة، مما يسبب فيضانات مفاجئة تدمر البنية التحتية وتشرد المجتمعات.
23,ما هي العملية التي تهدد الأراضي الزراعية في مصر؟,يهدد توسع الصحراء، المعروفة بالتصحر، الأراضي الزراعية في مصر، ويمكن أن تقلل العواصف الرملية التي تنشأ في الصحراء من جودة الهواء والرؤية في المناطق المحيطة.,يهدد توسع الصحراءء وهي عملية تعرف بالتصحرء الأراضي الزراعية في مصر. بالإضافة إلى ذلك؛ يمكن أن تقلل العواصف الرملية التي تنشأ في الصحراء من جودة الهواء والرؤية في المناطق المحيطة.
24,ما هو أحد التهديدات التي يسببها تغير المناخ لمصر؟,يلقي شبح تغير المناخ بظلاله الطويلة على بيئة مصر، مهددًا باضطراب التوازن الدقيق الذي يدعم الحياة في هذا البلد الرائع.,يلقي شبح تغير المناخ بظلاله الطويلة على بيئة مصرء مهدذدا باضطراب التوازن الدقيق الذي يدعم الحياة في هذا البلد الرائع.
